{
  "AAPL": 0.2451821809559198,
  "XOM": 0.14782581931878935,
  "YUM": 0.16539368712232047,
  "IBM": 0.32838103040313393,
  "LLY": 0.40817921513294925
}